Feature,Importance
num__OverallQual,0.5017391257307129
num__GrLivArea,0.15368515197336055
num__GarageCars,0.0420243507186444
num__TotalBsmtSF,0.03513928050782169
num__BsmtFinSF1,0.03349216162367241
num__1stFlrSF,0.029450663207420926
num__2ndFlrSF,0.027656372218511475
num__LotArea,0.018394351448294637
num__YearBuilt,0.017774911221150214
cat__BsmtQual_Ex,0.015935119546812954
num__FullBath,0.011333934931386838
num__Fireplaces,0.011289853356417285
num__YearRemodAdd,0.010584203082724902
cat__KitchenQual_Ex,0.007610607806594048
cat__GarageType_Attchd,0.006607291812498655
num__ScreenPorch,0.006528309288659548
num__OverallCond,0.006436631337933052
num__GarageYrBlt,0.005521775079171961
cat__KitchenQual_Gd,0.004726987007022115
cat__CentralAir_N,0.0041857882717242926
num__GarageArea,0.0037904063190936344
cat__MSZoning_RM,0.0035763252025644934
cat__BsmtQual_Gd,0.00345788820022663
cat__SaleType_New,0.00286598854412821
cat__LandContour_Lvl,0.00272241063262762
cat__BsmtFinType1_GLQ,0.0026388755827299122
cat__Condition1_Norm,0.0022920727298972546
num__PoolArea,0.002289496736192512
cat__Neighborhood_Edwards,0.0022210594216349514
num__LotFrontage,0.002039888441901966
cat__BsmtExposure_Gd,0.0016980972943624565
num__BsmtFullBath,0.0016598435204104405
cat__Exterior1st_BrkFace,0.0013518274911514007
num__OpenPorchSF,0.0013023913146320636
cat__Neighborhood_Crawfor,0.0011485388518315959
num__WoodDeckSF,0.001078505458777101
cat__SaleCondition_Abnorml,0.0009466672138935617
num__BsmtUnfSF,0.0009125618350059443
cat__Functional_Typ,0.000861919821233999
num__MSSubClass,0.0007720504557491648
cat__Neighborhood_StoneBr,0.0007100520411528986
cat__LotConfig_CulDSac,0.0006345387459528365
num__HalfBath,0.0006290361651273518
num__MoSold,0.0006185255272210474
num__MasVnrArea,0.000576679356573511
num__KitchenAbvGr,0.0004554194663647674
cat__LotShape_IR3,0.0004481491958179915
cat__CentralAir_Y,0.00043906751613315175
num__Id,0.000402473889870355
cat__BldgType_1Fam,0.000363639929824358
num__BsmtFinSF2,0.0003356722067962
cat__MasVnrType_NoMasonryVeneer,0.00027882427640098673
cat__LotShape_Reg,0.0002544151190060252
cat__LandContour_HLS,0.00021604483160915522
num__BedroomAbvGr,0.00021405700896124836
num__YrSold,0.00019952314328273445
num__EnclosedPorch,0.0001657681762798316
cat__Neighborhood_ClearCr,0.00016488030686923557
cat__GarageFinish_RFn,0.0001587917697970398
num__3SsnPorch,0.00015470101863889992
cat__Condition1_Artery,0.0001420703545906061
num__BsmtHalfBath,0.00013449733986300004
cat__FireplaceQu_Ex,0.00013415837920356126
cat__MSZoning_FV,0.00012236558795829033
cat__Functional_Sev,0.00011685312442940004
cat__Exterior1st_MetalSd,0.00011365419271707845
cat__FireplaceQu_NoFireplace,0.00011122431334691522
cat__Exterior1st_AsbShng,0.00010766463475999335
cat__Neighborhood_NoRidge,0.00010439834688375372
cat__Condition1_Feedr,0.00010240481233810406
cat__Heating_GasA,9.592207643116997e-05
cat__Condition1_PosA,9.550923351184704e-05
cat__MSZoning_C (all),9.276735869457505e-05
cat__GarageType_CarPort,8.418520785959794e-05
cat__LandSlope_Mod,7.929051408094107e-05
cat__Exterior2nd_AsbShng,7.362509413827832e-05
cat__GarageFinish_NoGarage,7.297841899500375e-05
cat__BsmtExposure_Mn,6.860754997742569e-05
cat__BsmtCond_Fa,6.509227310490919e-05
cat__Neighborhood_CollgCr,6.148926660585692e-05
cat__BsmtCond_TA,5.6507992762506974e-05
cat__RoofStyle_Gable,5.445792874607437e-05
cat__KitchenQual_TA,5.388057876844372e-05
cat__SaleCondition_Family,5.330163231256697e-05
cat__Neighborhood_BrkSide,5.05393076137004e-05
cat__Exterior1st_VinylSd,4.903915198559957e-05
cat__MSZoning_RH,4.850575305852112e-05
cat__HouseStyle_SLvl,4.61511116988825e-05
cat__Alley_Pave,4.438962666800025e-05
cat__SaleType_WD,4.357497921061046e-05
cat__SaleType_CWD,4.000770130385518e-05
cat__PavedDrive_N,3.946269132648519e-05
cat__Neighborhood_OldTown,3.902828169822142e-05
cat__HouseStyle_1Story,3.848011655548861e-05
cat__LandContour_Bnk,3.7873571693370996e-05
cat__LotConfig_Inside,3.697914679785727e-05
cat__Neighborhood_Veenker,3.022910601342259e-05
cat__GarageType_NoGarage,2.5107696461313797e-05
cat__Exterior1st_CemntBd,2.3444898048207638e-05
num__TotRmsAbvGrd,2.1092666394505567e-05
cat__LandContour_Low,9.542112706830608e-06
cat__Foundation_BrkTil,9.386204695417945e-06
cat__MasVnrType_BrkFace,2.8079329771790936e-06
cat__BsmtExposure_Av,1.924895617791584e-06
cat__LandSlope_Gtl,9.755013586424278e-07
cat__Exterior1st_Stucco,2.716208798614768e-07
cat__HouseStyle_2Story,2.4364208567105923e-07
cat__Exterior2nd_Stucco,6.919885857370101e-08
cat__MSZoning_RL,1.1178387189421699e-08
cat__GarageCond_TA,1.076356558726521e-08
cat__Heating_Floor,0.0
cat__SaleType_ConLD,0.0
cat__SaleType_Con,0.0
cat__Heating_GasW,0.0
cat__Heating_Grav,0.0
cat__Heating_OthW,0.0
cat__HeatingQC_Ex,0.0
cat__Heating_Wall,0.0
cat__BsmtFinType2_Rec,0.0
cat__HeatingQC_Fa,0.0
cat__HeatingQC_Gd,0.0
cat__HeatingQC_Po,0.0
cat__HeatingQC_TA,0.0
cat__SaleType_COD,0.0
cat__MiscFeature_TenC,0.0
cat__Electrical_FuseA,0.0
cat__BsmtFinType2_Unf,0.0
cat__BsmtFinType2_NoBasement,0.0
cat__Electrical_FuseF,0.0
cat__BsmtFinType2_LwQ,0.0
cat__SaleCondition_Normal,0.0
cat__SaleCondition_Alloca,0.0
cat__BsmtExposure_No,0.0
cat__SaleCondition_AdjLand,0.0
cat__BsmtExposure_NoBasement,0.0
cat__SaleType_Oth,0.0
cat__BsmtFinType1_ALQ,0.0
cat__BsmtFinType1_BLQ,0.0
cat__SaleType_ConLw,0.0
cat__BsmtFinType1_LwQ,0.0
cat__BsmtFinType1_NoBasement,0.0
cat__SaleType_ConLI,0.0
cat__BsmtFinType1_Rec,0.0
cat__BsmtFinType1_Unf,0.0
cat__BsmtFinType2_ALQ,0.0
cat__BsmtFinType2_BLQ,0.0
cat__BsmtFinType2_GLQ,0.0
cat__MiscFeature_Shed,0.0
cat__GarageQual_Gd,0.0
cat__MiscFeature_Othr,0.0
cat__GarageCond_Gd,0.0
cat__FireplaceQu_Po,0.0
cat__FireplaceQu_TA,0.0
cat__GarageType_2Types,0.0
cat__PavedDrive_P,0.0
cat__GarageCond_Po,0.0
cat__GarageCond_NoGarage,0.0
cat__GarageType_Basment,0.0
cat__GarageType_BuiltIn,0.0
cat__GarageCond_Fa,0.0
cat__GarageQual_Fa,0.0
cat__GarageType_Detchd,0.0
cat__GarageCond_Ex,0.0
cat__GarageFinish_Fin,0.0
cat__GarageQual_TA,0.0
cat__GarageQual_Po,0.0
cat__GarageFinish_Unf,0.0
cat__GarageQual_NoGarage,0.0
cat__GarageQual_Ex,0.0
cat__PavedDrive_Y,0.0
cat__FireplaceQu_Gd,0.0
cat__FireplaceQu_Fa,0.0
cat__PoolQC_Ex,0.0
cat__Electrical_SBrkr,0.0
cat__MiscFeature_NoMiscFeature,0.0
cat__MiscFeature_Gar2,0.0
cat__KitchenQual_Fa,0.0
cat__Fence_NoFence,0.0
cat__Fence_MnWw,0.0
cat__Fence_MnPrv,0.0
cat__Fence_GdWo,0.0
cat__Functional_Maj1,0.0
cat__Fence_GdPrv,0.0
cat__Functional_Maj2,0.0
cat__Functional_Min1,0.0
cat__PoolQC_NoPool,0.0
cat__Functional_Min2,0.0
cat__Functional_Mod,0.0
cat__PoolQC_Gd,0.0
cat__PoolQC_Fa,0.0
cat__Electrical_FuseP,0.0
cat__Exterior2nd_Brk Cmn,0.0
cat__BsmtCond_Po,0.0
cat__Condition2_PosA,0.0
cat__Neighborhood_SawyerW,0.0
cat__Neighborhood_Somerst,0.0
cat__Neighborhood_Timber,0.0
cat__Condition1_PosN,0.0
cat__Condition1_RRAe,0.0
cat__Condition1_RRAn,0.0
cat__Condition1_RRNe,0.0
cat__Condition1_RRNn,0.0
cat__Condition2_Artery,0.0
cat__Condition2_Feedr,0.0
cat__Condition2_Norm,0.0
cat__Condition2_PosN,0.0
cat__RoofStyle_Flat,0.0
cat__Condition2_RRAe,0.0
cat__Condition2_RRAn,0.0
cat__Condition2_RRNn,0.0
cat__BldgType_2fmCon,0.0
cat__BldgType_Duplex,0.0
cat__BldgType_Twnhs,0.0
cat__BldgType_TwnhsE,0.0
cat__HouseStyle_1.5Fin,0.0
cat__HouseStyle_1.5Unf,0.0
cat__HouseStyle_2.5Fin,0.0
cat__HouseStyle_2.5Unf,0.0
cat__Neighborhood_Sawyer,0.0
cat__Neighborhood_SWISU,0.0
cat__Neighborhood_NridgHt,0.0
cat__Neighborhood_NWAmes,0.0
num__LowQualFinSF,0.0
num__MiscVal,0.0
cat__Street_Grvl,0.0
cat__Street_Pave,0.0
cat__Alley_Grvl,0.0
cat__Alley_NoAlley,0.0
cat__LotShape_IR1,0.0
cat__LotShape_IR2,0.0
cat__Utilities_AllPub,0.0
cat__Utilities_NoSeWa,0.0
cat__LotConfig_Corner,0.0
cat__LotConfig_FR2,0.0
cat__LotConfig_FR3,0.0
cat__LandSlope_Sev,0.0
cat__Neighborhood_Blmngtn,0.0
cat__Neighborhood_Blueste,0.0
cat__Neighborhood_BrDale,0.0
cat__Neighborhood_Gilbert,0.0
cat__Neighborhood_IDOTRR,0.0
cat__Neighborhood_MeadowV,0.0
cat__Neighborhood_Mitchel,0.0
cat__Neighborhood_NAmes,0.0
cat__Neighborhood_NPkVill,0.0
cat__HouseStyle_SFoyer,0.0
cat__RoofStyle_Gambrel,0.0
cat__BsmtCond_NoBasement,0.0
cat__ExterCond_Fa,0.0
cat__Exterior2nd_Stone,0.0
cat__Exterior2nd_VinylSd,0.0
cat__Exterior2nd_Wd Sdng,0.0
cat__Exterior2nd_Wd Shng,0.0
cat__MasVnrType_BrkCmn,0.0
cat__MasVnrType_Stone,0.0
cat__ExterQual_Ex,0.0
cat__ExterQual_Fa,0.0
cat__ExterQual_Gd,0.0
cat__ExterQual_TA,0.0
cat__ExterCond_Ex,0.0
cat__ExterCond_Gd,0.0
cat__RoofStyle_Hip,0.0
cat__ExterCond_Po,0.0
cat__ExterCond_TA,0.0
cat__Foundation_CBlock,0.0
cat__Foundation_PConc,0.0
cat__Foundation_Slab,0.0
cat__Foundation_Stone,0.0
cat__Foundation_Wood,0.0
cat__BsmtQual_Fa,0.0
cat__BsmtQual_NoBasement,0.0
cat__BsmtQual_TA,0.0
cat__BsmtCond_Gd,0.0
cat__Exterior2nd_Plywood,0.0
cat__Exterior2nd_Other,0.0
cat__Exterior2nd_MetalSd,0.0
cat__Exterior2nd_ImStucc,0.0
cat__RoofStyle_Mansard,0.0
cat__RoofStyle_Shed,0.0
cat__RoofMatl_ClyTile,0.0
cat__RoofMatl_CompShg,0.0
cat__RoofMatl_Metal,0.0
cat__RoofMatl_Roll,0.0
cat__RoofMatl_Tar&Grv,0.0
cat__RoofMatl_WdShake,0.0
cat__RoofMatl_WdShngl,0.0
cat__Exterior1st_AsphShn,0.0
cat__Exterior1st_BrkComm,0.0
cat__Exterior1st_CBlock,0.0
cat__Exterior1st_HdBoard,0.0
cat__Exterior1st_ImStucc,0.0
cat__Exterior1st_Plywood,0.0
cat__Exterior1st_Stone,0.0
cat__Exterior1st_Wd Sdng,0.0
cat__Exterior1st_WdShing,0.0
cat__Exterior2nd_AsphShn,0.0
cat__Exterior2nd_BrkFace,0.0
cat__Exterior2nd_CBlock,0.0
cat__Exterior2nd_CmentBd,0.0
cat__Exterior2nd_HdBoard,0.0
cat__SaleCondition_Partial,0.0
